Campaign,Ad Group,Keyword,Criterion Type,Headline 1,Headline 2,Headline 3,Headline 4,Headline 5,Headline 6,Description 1,Description 2,Description 3,Final URL,Campaign Type,Budget
Search - Non-Brand RD,Asesoría Integral,[asesoría de tesis],Exact,,,,,,,,,,,,Search,15
Search - Non-Brand RD,Asesoría Integral,[ayuda con tesis universitaria],Exact,,,,,,,,,,,,Search,
Search - Non-Brand RD,Asesoría Integral,"hacer tesis rapido",Phrase,,,,,,,,,,,,Search,
Search - Non-Brand RD,Tesis Maestría,[tesis de maestría],Exact,,,,,,,,,,,,Search,
Search - Non-Brand RD,Tesis Maestría,"asesoria tesis maestria",Phrase,,,,,,,,,,,,Search,
Search - Non-Brand RD,Formato APA,[correccion norma apa],Exact,,,,,,,,,,,,Search,
Search - Non-Brand RD,Formato APA,[formato apa tesis],Exact,,,,,,,,,,,,Search,
Search - Local Higüey,Oficina Local,+asesoria +tesis +higuey,Broad,,,,,,,,,,,,Search,10
Search - Local Higüey,Oficina Local,[quien hace tesis en higuey],Exact,,,,,,,,,,,,Search,
Search - Non-Brand RD,Asesoría Integral,,,Asesoría de Tesis Académica,Expertos en Tesis en RD,Gradúate Sin Estrés Este Año,+300 Tesis Aprobadas,Corrección de Estilo y Fonética,Oficinas Físicas en Higüey,Te acompañamos desde el anteproyecto hasta la defensa. Solicita tu diagnóstico gratis hoy.,Metodología garantizada para aprobar tu tesis. Expertos en universidades de Rep. Dominicana.,Más de 7 años liberando a estudiantes del estrés universitario. Agenda tu cita presencial.,https://www.tutesisrd.online/,,
Search - Non-Brand RD,Formato APA,,,Corrección Normas APA 7ma,Ajustamos tu Tesis a APA,Revisión de Citas y Márgenes,Corrección Rápida de Formato,Expertos en Formato APA,,Evita el plagio y las devoluciones por mal formato. Revisión experta con Turnitin.,Ajustamos márgenes citas bibliotecas y jerarquías según exigencias de tu universidad.,,https://www.tutesisrd.online/,,
Search - Local Higüey,Oficina Local,,,Asesoría de Tesis Académica,Nueva Oficina en Higüey,Gradúate Sin Estrés Este Año,+300 Tesis Aprobadas,Visítanos Hoy Mismo,,Visita nuestra oficina física en Higüey. Solicita tu diagnóstico gratis hoy.,Metodología garantizada para aprobar tu tesis. Expertos cerca de ti.,,https://www.tutesisrd.online/,,
